id,name,model_id:id,group_id/id,perm_read,perm_write,perm_create,perm_unlink
access_cost_sheet,Cost Sheet,model_cost_sheet,base.group_user,1,1,1,1
access_cost_sheet_cancel,Cost Sheet Cancel,model_cost_sheet_cancel,base.group_user,1,1,1,1
access_cost_sheet_summary,Cost Sheet Summary,model_cost_sheet_summary,base.group_user,1,1,1,1
access_install_sheet,Install Sheet,model_install_sheet,base.group_user,1,1,1,1
access_install_sheet_line,Install Sheet Line,model_install_sheet_line,base.group_user,1,1,1,1
access_install_line_date,Install Line Data,model_install_line_data,base.group_user,1,1,1,1
access_material_sheet,Material Sheet,model_material_sheet,base.group_user,1,1,1,1
access_material_sheet_line,Material Sheet Line,model_material_sheet_line,base.group_user,1,1,1,1
access_material_line_date,Material Line Data,model_material_line_data,base.group_user,1,1,1,1
access_system,System,model_system_system,base.group_user,1,1,1,1
access_group,System Group,model_system_group,base.group_user,1,1,1,1
access_section,System Section,model_system_section,base.group_user,1,1,1,1
access_cost_revision,Cost Revision,model_cost_revision,base.group_user,1,1,1,1
access_cost_to_quotation,Cost To Quotation,model_cost_to_quotation,base.group_user,1,1,1,1
access_material_report_wizard,Material Report Wizard,model_material_report_wizard,base.group_user,1,1,1,1
access_install_report_wizard,Install Report Wizard,model_install_report_wizard,base.group_user,1,1,1,1
access_rfq_generation,RFQ Generation,model_rfq_generation,base.group_user,1,1,1,1
access_system_overview,System Overview,model_system_overview,base.group_user,1,1,1,1

access_product_pricing_settings,product_pricing_settings,model_product_pricing_settings,base.group_user,1,1,1,1
