<?xml version="1.0" encoding="utf-8"?>
<odoo>
    <data noupdate="0">

        <record id="module_leave_encashment" model="ir.module.category">
            <field name="name">Leave Encashment</field>
            <field name="sequence">5</field>
            <field name="description">Leave Encashment</field>
        </record>

        <record id="group_employee_user" model="res.groups">
            <field name="name">Manager</field>
            <field name="category_id" ref="module_leave_encashment" />
            <field name="users" eval="[(4, ref('base.user_root'))]" />
            <field name="implied_ids" eval="[(4, ref('base.group_user'))]" />
        </record>
    </data>

</odoo>
