<?xml version="1.0" encoding="UTF-8"?>

<templates>
<!--    <br/>-->
<!--    <br/>-->
    <div t-name="HouseKeepingDashboardData" style="margin-top:30px;">
        <t t-if="data.task_list_len">
            <table class="table table-bordered work_order_table_data" style="width:100%">
                <thead class="thead-light">
                    <tr>
                        <th>Room Number</th>
                        <t t-foreach="data.task_list" t-as="each_task">
                            <th>
                                <span t-esc="each_task"/>
                            </th>
                        </t>
                    </tr>
                </thead>

                <tbody>
                    <t t-foreach="data['task_dict']" t-as="each_data">
                        <tr>
                            <t t-if="each_data">
                                <td>
                                    <span t-esc="each_data"/>
                                </td>
                            </t>
                            <t t-foreach="data['task_list']" t-as="each_task">
                                <td>
                                    <t t-foreach="each_data_value" t-as="each_data_task">
                                        <t t-if="each_data_task == 'pending'">
                                            <t t-foreach="each_data_task_value" t-as="task_val">
                                                <t t-if="task_val == each_task">
                                                    <button class="btn btn-primary service_order"
                                                            t-att-data-user_id="data['user_id']"
                                                            t-att-data-room_id="each_data"
                                                            t-att-data-task_name="task_val"
                                                            t-att-data-work_order_id="data['work_order_id']">
                                                        <span>Start</span>
                                                    </button>
<!--                                                    <button class="btn btn-primary service_order_finish"-->
<!--                                                            t-att-data-user_id="data['user_id']"-->
<!--                                                            t-att-data-room_id="each_data"-->
<!--                                                            t-att-data-task_name="task_val"-->
<!--                                                            t-att-data-work_order_id="data['work_order_id']"-->
<!--                                                            style="display:none;">-->
<!--                                                        <span>Finish</span>-->
<!--                                                    </button>-->
                                                </t>
                                            </t>
                                        </t>

                                        <t t-if="each_data_task == 'start'">
                                            <t t-foreach="each_data_task_value" t-as="task_val">
                                                <t t-if="task_val == each_task">
                                                    <button class="btn btn-primary service_order_finish"
                                                            t-att-data-user_id="data['user_id']"
                                                            t-att-data-room_id="each_data"
                                                            t-att-data-task_name="task_val"
                                                            t-att-data-work_order_id="data['work_order_id']">
                                                        <span>Finish</span>
                                                    </button>
                                                    <button class="btn btn-primary service_order_done"
                                                            t-att-data-user_id="data['user_id']"
                                                            t-att-data-room_id="each_data"
                                                            t-att-data-task_name="task_val"
                                                            t-att-data-work_order_id="data['work_order_id']"
                                                            style="display:none;">
                                                        <span>Done</span>
                                                    </button>
                                                </t>
                                            </t>
                                        </t>

                                        <t t-if="each_data_task == 'done'">
                                            <t t-foreach="each_data_task_value" t-as="task_val">
                                                <t t-if="task_val == each_task">
                                                    <button class="btn btn-primary service_order_done"
                                                            t-att-data-user_id="data['user_id']"
                                                            t-att-data-room_id="each_data"
                                                            t-att-data-task_name="task_val"
                                                            t-att-data-work_order_id="data['work_order_id']">
                                                        <span>Done</span>
                                                    </button>
                                                </t>
                                            </t>
                                        </t>
                                    </t>
                                </td>
                            </t>
                        </tr>
                    </t>
                </tbody>
            </table>
        </t>
        <t t-else="">
            <div class="alert alert-danger">
                <span>There is no work order!</span>
            </div>
        </t>
    </div>
</templates>


