<?xml version="1.0" encoding="UTF-8"?>
<templates xml:space="preserve">

    <t t-name="aspl_hotel.ResourceViewId" owl="1">
        <div class="container-fluid header">
            <div data-command-category="actions" class="o_control_panel" style="margin-top: 15px;"><div class="o_cp_top"><div class="o_cp_top_left"><ol role="navigation" class="breadcrumb"><li class="breadcrumb-item active"><span class="text-900" style="font-size: 17px;margin-top: ;">Hotel Room Booking</span></li></ol></div><div
                    class="o_cp_top_right"><div role="search" class="o_cp_searchview"></div></div></div>
                <div class="o_cp_bottom"><div class="o_cp_bottom_left"><div role="toolbar" aria-label="Control panel buttons" class="o_cp_buttons"></div></div>
                    <div class="o_cp_bottom_right"><div role="search" class="btn-group o_search_options position-static"></div>
                        <div role="search" class="o_cp_pager"></div></div></div></div>
        </div>

    </t>

</templates>
