<?xml version="1.0"?>
<odoo>
    <data>

        <record id="emp_rule_personal_record" model="ir.rule">
            <field name="name">Employee can see only his own details</field>
            <field ref="model_hr_employee" name="model_id"/>
            <field name="domain_force">[('user_id','=',user.id)]</field>
            <field name="groups" eval="[(4, ref('base.group_user'))]"/>
        </record>

        <record id="emp_rule_salary_details" model="ir.rule">
            <field name="name">Employee can see only his own details</field>
            <field ref="model_hr_advance_salary_request" name="model_id"/>
            <field name="domain_force">[('employee_id.user_id','=',user.id)]</field>
            <field name="groups" eval="[(4, ref('base.group_user'))]"/>
        </record>

        <record id="hr_manager_salary_record_rule" model="ir.rule">
            <field name="name">HR Manager can see all the salary details</field>
            <field name="model_id" ref="model_hr_advance_salary_request"/>
            <field name="groups" eval="[(4, ref('hr.group_hr_manager'))]"/>
        </record>

        <record id="hr_manager_employee_record_rule" model="ir.rule">
            <field name="name">HR Manager can see all the employee details</field>
            <field name="model_id" ref="model_hr_employee"/>
            <field name="groups" eval="[(4, ref('hr.group_hr_manager'))]"/>
        </record>

        <record id="account_manager_record_rule" model="ir.rule">
            <field name="name">Account Manager can see request details</field>
            <field name="model_id" ref="model_hr_advance_salary_request"/>
            <field name="domain_force">[('payment_by', '=', 'cheque'),('state', '=', 'approved')]</field>
            <field name="groups" eval="[(4, ref('account.group_account_manager'))]"/>
        </record>

        <record id="account_manager_disburse_record_rule" model="ir.rule">
             <field name="name">Account Manager can see disburse details</field>
             <field name="model_id" ref="model_disburse_amt_wiz"/>
             <field name="groups" eval="[(4, ref('account.group_account_manager'))]"/>
        </record>

    </data>
</odoo>