<?xml version="1.0" encoding="utf-8" ?>
<odoo>
    <data noupdate="1">

        <record id="agent_commission_sequence" model="ir.sequence">
            <field name="name">Agent Commission Number</field>
            <field name="code">agent.commission.number</field>
            <field name="prefix">COMM/2019/</field>
            <field name="padding">4</field>
        </record>

        <record id="agent_commission_cron" model="ir.cron">
            <field name="name">Agent Commission Payment</field>
            <field name="model_id" ref="model_res_partner"/>
            <field name="state">code</field>
            <field name="code">model.payment_cron()</field>
            <field name='interval_number'>1</field>
            <field name='interval_type'>days</field>
            <field name="numbercall">-1</field>
        </record>

    </data>
</odoo>