<?xml version="1.0" encoding="utf-8"?>
<odoo>
    <data>
        <record id="hotel_room_booking_confirmation" model="mail.template">
            <field name="name">Room Booking Confirmation Mail Template</field>
            <field name="subject">Reservation Confirm</field>
            <field name="email_to">{{ object.email }}</field>
            <field name="model_id" ref="aspl_hotel.model_walk_in_detail"/>
            <field name="auto_delete" eval="False"/>
            <field name="body_html" type="html">
                <div style="margin: 0px; padding: 0px;">
                    <p style="margin: 0px; padding: 0px; font-size: 13px;">
                        Dear<t t-out="object.partner_id.name or ''"/>,
                    </p>
                    <p style="margin: 0px; padding: 0px; font-size: 13px;">
                        Your Hotel room booking was Confirm.
                    </p>
                </div>
            </field>
        </record>

        <record id="hotel_room_cancellation" model="mail.template">
            <field name="name">Room Cancellation Mail Template</field>
            <field name="subject">Booking Cancellation</field>
            <field name="email_to">{{ object.email }}</field>
            <field name="model_id" ref="aspl_hotel.model_walk_in_detail"/>
            <field name="auto_delete" eval="False"/>
            <field name="body_html" type="html">
                <div style="margin: 0px; padding: 0px;">
                    <p style="margin: 0px; padding: 0px; font-size: 13px;">
                        Dear<t t-out="object.partner_id.name or ''"/>,
                    </p>
                    <p style="margin: 0px; padding: 0px; font-size: 13px;">
                        Your room booking was Cancel.
                    </p>
                </div>
            </field>
        </record>
    </data>
</odoo>
