<?xml version="1.0" encoding="utf-8"?>
<odoo>
    <data noupdate="1">

        <record id="cybersource_payment_method_card" model="payment.method">
            <field name="name">CyberSource</field>
            <field name="code">cybersource</field>
            <field name="sequence">1</field>
            <field name="active">True</field>
            <field name="image" type="base64" file="aspl_payment_cybersource/static/img/cybersource.png"/>
            <field name="support_tokenization">True</field>
            <field name="support_express_checkout">False</field>
            <field name="support_refund"></field>
        </record>

        <record id="payment_method_cyberSource" model="account.payment.method">
            <field name="name">CyberSource</field>
            <field name="code">cybersource</field>
            <field name="payment_type">inbound</field>
        </record>

        <record id="payment_provider_cybersource" model="payment.provider">
            <field name="name">CyberSource</field>
            <field name="image_128" type="base64" file="aspl_payment_cybersource/static/src/img/logo.jpg"/>
            <field name="code">cybersource</field>
            <field name="company_id" ref="base.main_company"/>
            <field name="module_id" ref="base.module_aspl_payment_cybersource"/>
            <field name="inline_form_view_id" ref="aspl_payment_cybersource.inline_form"/>
            <field name="payment_method_ids"
               eval="[Command.set([
                         ref('aspl_payment_cybersource.cybersource_payment_method_card'),
                     ])]"
        />
        </record>

    </data>
</odoo>
